revision,step,max_eig,fro_sq,stable_rank,trace
step0,0,0.000991231994703412,0.00031722625135444105,322.8628234863281,0.39998382329940796
step1,1,0.000991231994703412,0.00031722625135444105,322.8628234863281,0.39998382329940796
step2,2,0.0009912301320582628,0.00031722639687359333,322.86419677734375,0.39998388290405273
step4,4,0.0009911847300827503,0.00031722598941996694,322.8933410644531,0.3999837636947632
step8,8,0.0009905272163450718,0.00031718111131340265,323.27642822265625,0.3999575078487396
step16,16,0.000992258545011282,0.0003171013086102903,322.0682373046875,0.39990144968032837
step32,32,0.0034866929054260254,0.0003316941438242793,27.284147262573242,0.3998578190803528
step64,64,0.01029407512396574,0.0004791305400431156,4.521464824676514,0.40018606185913086
step128,128,0.018020402640104294,0.0009794996585696936,3.0163052082061768,0.4100492596626282
step256,256,0.05271463096141815,0.004491849802434444,1.6164522171020508,0.47085830569267273
step512,512,0.1614004671573639,0.030683469027280807,1.1778632402420044,0.6166278123855591
step1000,1000,0.18746554851531982,0.05021771043539047,1.428939938545227,0.9801470041275024
step2000,2000,0.20797842741012573,0.07294008880853653,1.6862800121307373,1.1923706531524658
step3000,3000,0.19685769081115723,0.0756884217262268,1.9531009197235107,1.246941328048706
step4000,4000,0.2378382384777069,0.08651380240917206,1.5294033288955688,1.2406482696533203
step5000,5000,0.2996487021446228,0.12262953072786331,1.3657469749450684,1.3174413442611694
step6000,6000,0.28714537620544434,0.10365043580532074,1.2570931911468506,1.3025121688842773
step7000,7000,0.277957558631897,0.10138491541147232,1.3122493028640747,1.195044994354248
step8000,8000,0.3629864752292633,0.15026220679283142,1.1404306888580322,1.2993437051773071
step9000,9000,0.2093074917793274,0.06480571627616882,1.4792574644088745,1.197988510131836
step10000,10000,0.21582463383674622,0.07109019160270691,1.5261867046356201,1.2468078136444092
step11000,11000,0.19134783744812012,0.06832769513130188,1.8661633729934692,1.1272945404052734
step12000,12000,0.18900567293167114,0.06407409906387329,1.793629765510559,1.1612309217453003
step13000,13000,0.18894940614700317,0.07701185345649719,2.157081365585327,1.0821146965026855
step14000,14000,0.1884457767009735,0.0686953216791153,1.9344359636306763,1.0662739276885986
step15000,15000,0.19164717197418213,0.07309049367904663,1.9900137186050415,1.1008812189102173
step16000,16000,0.1923930048942566,0.07242356240749359,1.9565967321395874,1.0292394161224365
step17000,17000,0.17103847861289978,0.06242795288562775,2.1339855194091797,0.9950546026229858
step18000,18000,0.15469437837600708,0.0598888024687767,2.502629518508911,0.994987428188324
step19000,19000,0.16656824946403503,0.05902178958058357,2.127295970916748,1.061538815498352
step20000,20000,0.15562865138053894,0.056185461580753326,2.3197696208953857,0.9437472820281982
step21000,21000,0.16617508232593536,0.05825578048825264,2.1096346378326416,0.991434633731842
step22000,22000,0.1649969518184662,0.05898704379796982,2.1667299270629883,0.9883818626403809
step23000,23000,0.1499641239643097,0.055924687534570694,2.4867310523986816,1.0999208688735962
step24000,24000,0.17328348755836487,0.05745774507522583,1.9135253429412842,1.212518572807312
step25000,25000,0.16797733306884766,0.05675911158323288,2.011565685272217,1.0474112033843994
step26000,26000,0.14887486398220062,0.05314822494983673,2.397982597351074,0.9105832576751709
step27000,27000,0.1513802707195282,0.04733537882566452,2.0656051635742188,0.9841602444648743
step28000,28000,0.14699089527130127,0.04696369916200638,2.1736090183258057,0.9771651029586792
step29000,29000,0.14625334739685059,0.04623408988118172,2.1614773273468018,0.9596034288406372
step30000,30000,0.1380527764558792,0.04677276313304901,2.4541592597961426,0.9234467148780823
step31000,31000,0.13237139582633972,0.0440751351416111,2.515390157699585,0.8080101609230042
step32000,32000,0.13768979907035828,0.04295804724097252,2.2659013271331787,0.8667885065078735
step33000,33000,0.13398689031600952,0.04735644906759262,2.6378767490386963,0.9368497133255005
step34000,34000,0.14064636826515198,0.044829122722148895,2.266225814819336,0.8849061131477356
step35000,35000,0.14339187741279602,0.043373607099056244,2.109484910964966,0.9848524332046509
step36000,36000,0.13557583093643188,0.042881425470113754,2.3329458236694336,0.8872446417808533
step37000,37000,0.12891995906829834,0.04000192508101463,2.4068031311035156,0.8331006169319153
step38000,38000,0.12927302718162537,0.04098982363939285,2.452789068222046,0.7945389151573181
step39000,39000,0.133693128824234,0.04078716039657593,2.2819454669952393,0.9203407764434814
step40000,40000,0.12640970945358276,0.037349820137023926,2.3373708724975586,0.8742542266845703
step41000,41000,0.13778138160705566,0.03580998629331589,1.8863534927368164,0.936844527721405
step42000,42000,0.11859627813100815,0.037125878036022186,2.6395785808563232,0.8229051828384399
step43000,43000,0.1256149411201477,0.038638949394226074,2.448740243911743,0.8789756894111633
step44000,44000,0.11559852957725525,0.03183671832084656,2.382449150085449,0.7836517095565796
step45000,45000,0.11918437480926514,0.030771419405937195,2.1662514209747314,0.8513208031654358
step46000,46000,0.1081564873456955,0.03184211626648903,2.7220542430877686,0.6949484944343567
step47000,47000,0.110834039747715,0.029868751764297485,2.4314801692962646,0.686786949634552
step48000,48000,0.11294274032115936,0.027604255825281143,2.164010763168335,0.7981529235839844
step49000,49000,0.10928884148597717,0.025225114077329636,2.1119396686553955,0.8393759727478027
step50000,50000,0.09460751712322235,0.02772972360253334,3.0980913639068604,0.6877672076225281
step51000,51000,0.09883549809455872,0.022828685119748116,2.336980104446411,0.7670773267745972
step52000,52000,0.09179899096488953,0.0223940908908844,2.6574041843414307,0.6781144142150879
step53000,53000,0.0906829833984375,0.022866684943437576,2.780683994293213,0.720521867275238
step54000,54000,0.09788735955953598,0.023298010230064392,2.4314513206481934,0.6407277584075928
step55000,55000,0.08724415302276611,0.02156871370971203,2.8336851596832275,0.6679035425186157
step56000,56000,0.08813752979040146,0.023063600063323975,2.9689669609069824,0.6496562361717224
step57000,57000,0.0912289172410965,0.021187111735343933,2.545696973800659,0.7453983426094055
step58000,58000,0.10657645761966705,0.02436428889632225,2.145019054412842,0.5772668719291687
step59000,59000,0.08302392065525055,0.018856899812817574,2.735670804977417,0.705065906047821
step60000,60000,0.07752004265785217,0.022204680368304253,3.6950175762176514,0.6573835015296936
step61000,61000,0.08719091862440109,0.021255088970065117,2.7958922386169434,0.6696339845657349
step62000,62000,0.07439900934696198,0.01708877831697464,3.087284803390503,0.7099567651748657
step63000,63000,0.08196990191936493,0.018734144046902657,2.7882070541381836,0.7342296838760376
step64000,64000,0.08421678841114044,0.016128206625580788,2.2739908695220947,0.6629272699356079
step65000,65000,0.08221647143363953,0.01701907254755497,2.517782688140869,0.6452686190605164
step66000,66000,0.07990825176239014,0.017173759639263153,2.689565420150757,0.6846537590026855
step67000,67000,0.1135188490152359,0.024675756692886353,1.914849042892456,0.569617748260498
step68000,68000,0.07629972696304321,0.014507975429296494,2.4920732975006104,0.642709493637085
step69000,69000,0.0706673264503479,0.015622735023498535,3.1283819675445557,0.6667144894599915
step70000,70000,0.06705030798912048,0.01473298016935587,3.277095317840576,0.6698667407035828
step71000,71000,0.08233965188264847,0.017157500609755516,2.530672550201416,0.715200662612915
step72000,72000,0.0767144188284874,0.01738516427576542,2.9540975093841553,0.6995809078216553
step73000,73000,0.07807554304599762,0.017629191279411316,2.8920271396636963,0.6192591786384583
step74000,74000,0.0753345713019371,0.015153921209275723,2.670154333114624,0.5745099782943726
step75000,75000,0.0799182653427124,0.015282656997442245,2.3928020000457764,0.5627003312110901
step76000,76000,0.08598288893699646,0.017224539071321487,2.3298263549804688,0.5540931224822998
step77000,77000,0.07650339603424072,0.016597440466284752,2.8358266353607178,0.5812970399856567
step78000,78000,0.07470420002937317,0.015159276314079762,2.716366767883301,0.6225422024726868
step79000,79000,0.07688531279563904,0.014452491886913776,2.444871187210083,0.6380885243415833
step80000,80000,0.083614282310009,0.0164351649582386,2.3507862091064453,0.5662908554077148
step81000,81000,0.09516444802284241,0.018431423231959343,2.0352108478546143,0.6192424297332764
step82000,82000,0.07680998742580414,0.01327440608292818,2.249985456466675,0.6529439687728882
step83000,83000,0.08584333956241608,0.016236817464232445,2.203371286392212,0.5531027913093567
step84000,84000,0.08576390147209167,0.016357149928808212,2.2238144874572754,0.510979175567627
step85000,85000,0.07853937149047852,0.01606655865907669,2.604641914367676,0.5089088678359985
step86000,86000,0.07127130031585693,0.012849578633904457,2.529644727706909,0.510463297367096
step87000,87000,0.07229876518249512,0.01238416600972414,2.369217872619629,0.491178035736084
step88000,88000,0.07220213115215302,0.013920480385422707,2.6702637672424316,0.5321270227432251
step89000,89000,0.06747870147228241,0.012016341090202332,2.6389963626861572,0.47861507534980774
step90000,90000,0.062172502279281616,0.011562542989850044,2.9912772178649902,0.5117917060852051
step91000,91000,0.08369457721710205,0.015184870921075344,2.1677863597869873,0.5250969529151917
step92000,92000,0.07286481559276581,0.010978981852531433,2.067884683609009,0.5094017386436462
step93000,93000,0.07884088158607483,0.012385813519358635,1.9926066398620605,0.46628838777542114
step94000,94000,0.07644324004650116,0.01268776785582304,2.171236038208008,0.5340940356254578
step95000,95000,0.08222950994968414,0.014546087011694908,2.151249408721924,0.4894469976425171
step96000,96000,0.07268016040325165,0.009925849735736847,1.8790396451950073,0.44611501693725586
step97000,97000,0.06979528069496155,0.010842286981642246,2.2257111072540283,0.4211063086986542
step98000,98000,0.0699438601732254,0.011770401149988174,2.405980348587036,0.3923196792602539
step99000,99000,0.0692933052778244,0.00983514916151762,2.048322916030884,0.4431803226470947
step100000,100000,0.07893815636634827,0.011742059141397476,1.8843878507614136,0.3838905096054077
step101000,101000,0.06237170845270157,0.009868590161204338,2.5367624759674072,0.4709240198135376
step102000,102000,0.07296644151210785,0.01227029599249363,2.3046698570251465,0.42454153299331665
step103000,103000,0.059180691838264465,0.008815731853246689,2.517087459564209,0.41807591915130615
step104000,104000,0.07096362113952637,0.011018697172403336,2.1880574226379395,0.3844303786754608
step105000,105000,0.06869974732398987,0.010690074414014816,2.2650115489959717,0.3817814290523529
step106000,106000,0.08623869717121124,0.013079575262963772,1.7586898803710938,0.3610628545284271
step107000,107000,0.06217828392982483,0.01107087917625904,2.863548994064331,0.43091803789138794
step108000,108000,0.09335622191429138,0.012895770370960236,1.4796561002731323,0.34582823514938354
step109000,109000,0.07466310262680054,0.013114916160702705,2.3526289463043213,0.3735928237438202
step110000,110000,0.09625905752182007,0.013434977270662785,1.449952244758606,0.3177056312561035
step111000,111000,0.07560122013092041,0.011260922066867352,1.9702273607254028,0.36405500769615173
step112000,112000,0.09308420121669769,0.01294015347957611,1.493438959121704,0.36833369731903076
step113000,113000,0.09571771323680878,0.013461606577038765,1.4693061113357544,0.35885846614837646
step114000,114000,0.08266565203666687,0.011971546337008476,1.751862645149231,0.389280766248703
step115000,115000,0.07914580404758453,0.012490130960941315,1.9939359426498413,0.4063434600830078
step116000,116000,0.0838303416967392,0.013024769723415375,1.8533931970596313,0.4023875594139099
step117000,117000,0.08116723597049713,0.013164103962481022,1.9981578588485718,0.39452701807022095
step118000,118000,0.08341147005558014,0.012417256832122803,1.7847365140914917,0.39322611689567566
step119000,119000,0.08638544380664825,0.01235862448811531,1.65610933303833,0.36545246839523315
step120000,120000,0.07904389500617981,0.011571923270821571,1.852118968963623,0.38499414920806885
step121000,121000,0.07338117063045502,0.011025404557585716,2.047506332397461,0.40579020977020264
step122000,122000,0.08285954594612122,0.012733863666653633,1.854706048965454,0.3520018458366394
step123000,123000,0.0728837251663208,0.012580376118421555,2.368277072906494,0.3953915238380432
step124000,124000,0.09095582365989685,0.012807594612240791,1.5481269359588623,0.3585997223854065
step125000,125000,0.08042782545089722,0.012308117933571339,1.9027379751205444,0.3695950508117676
step126000,126000,0.08803284168243408,0.014914088882505894,1.9244529008865356,0.3901010751724243
step127000,127000,0.08290353417396545,0.014487354084849358,2.107866048812866,0.3992134928703308
step128000,128000,0.08178530633449554,0.01278018206357956,1.9106733798980713,0.3956001102924347
step129000,129000,0.0789259821176529,0.012513762339949608,2.0088517665863037,0.37999019026756287
step130000,130000,0.08066610991954803,0.012242087163031101,1.8813657760620117,0.3492041528224945
step131000,131000,0.07788363844156265,0.01264064572751522,2.08389949798584,0.36645984649658203
step132000,132000,0.07682909071445465,0.01182444766163826,2.0032238960266113,0.35393965244293213
step133000,133000,0.07791723310947418,0.011472645215690136,1.8897159099578857,0.36414846777915955
step134000,134000,0.0767732709646225,0.011780156753957272,1.9986234903335571,0.34776419401168823
step135000,135000,0.07901263236999512,0.0114334337413311,1.8314017057418823,0.34290045499801636
step136000,136000,0.07754950225353241,0.011587278917431831,1.9267414808273315,0.33529672026634216
step137000,137000,0.0885024219751358,0.012536303140223026,1.6005128622055054,0.33429399132728577
step138000,138000,0.07562753558158875,0.009856101125478745,1.7232378721237183,0.36909425258636475
step139000,139000,0.08499692380428314,0.011476767249405384,1.588594913482666,0.3271302580833435
step140000,140000,0.09071053564548492,0.012227553874254227,1.4860180616378784,0.32695621252059937
step141000,141000,0.0898648351430893,0.011963842436671257,1.4814640283584595,0.31239113211631775
step142000,142000,0.0782599151134491,0.01167082879692316,1.9055614471435547,0.3967157304286957
step143000,143000,0.06717769801616669,0.010656703263521194,2.3614165782928467,0.37625283002853394
